{"cameraMode":{"drawMode":0,"name":"Shaded","section":"Shading Mode"},"sceneLighting":false,"audioPlay":false,"sceneViewState":{"showFog":true,"showMaterialUpdate":false,"showSkybox":false,"showFlares":true,"showImageEffects":true,"showParticleSystems":true},"in2DMode":false,"pivot":{"x":4.470348358154297e-8,"y":0.0449574775993824,"z":0.0},"rotation":{"x":0.2605160176753998,"y":0.055280882865190509,"z":-0.014943118207156659,"w":0.9637706875801086},"size":0.6441228985786438,"orthographic":false}