{"cameraMode":{"drawMode":0,"name":"Shaded","section":"Shading Mode"},"sceneLighting":false,"audioPlay":false,"sceneViewState":{"showFog":true,"showMaterialUpdate":false,"showSkybox":false,"showFlares":true,"showImageEffects":true,"showParticleSystems":true},"in2DMode":false,"pivot":{"x":11.552038192749024,"y":26.967544555664064,"z":-33.53129196166992},"rotation":{"x":0.10581489652395249,"y":-0.1588922142982483,"z":0.01712876558303833,"w":0.9814660549163818},"size":18.327110290527345,"orthographic":true}