{"cameraMode":{"drawMode":0,"name":"Shaded","section":"Shading Mode"},"sceneLighting":false,"audioPlay":false,"sceneViewState":{"showFog":true,"showMaterialUpdate":false,"showSkybox":false,"showFlares":true,"showImageEffects":true,"showParticleSystems":true},"in2DMode":false,"pivot":{"x":-25.165075302124025,"y":5.792153358459473,"z":42.32797622680664},"rotation":{"x":-0.008233296684920788,"y":0.9918951988220215,"z":-0.08650297671556473,"w":-0.09339631348848343},"size":7.336839199066162,"orthographic":true}