{"cameraMode":{"drawMode":0,"name":"Shaded","section":"Shading Mode"},"sceneLighting":false,"audioPlay":false,"sceneViewState":{"showFog":true,"showMaterialUpdate":false,"showSkybox":false,"showFlares":true,"showImageEffects":true,"showParticleSystems":true},"in2DMode":false,"pivot":{"x":1.3388547897338868,"y":26.544057846069337,"z":-41.88467025756836},"rotation":{"x":0.25890496373176577,"y":-0.008693234995007515,"z":0.0023295977152884008,"w":0.9658657312393189},"size":4.7685418128967289,"orthographic":true}