{"cameraMode":{"drawMode":0,"name":"Shaded","section":"Shading Mode"},"sceneLighting":false,"audioPlay":false,"sceneViewState":{"showFog":true,"showMaterialUpdate":false,"showSkybox":false,"showFlares":true,"showImageEffects":true,"showParticleSystems":true},"in2DMode":false,"pivot":{"x":-11.329999923706055,"y":1.7000000476837159,"z":12.229999542236329},"rotation":{"x":0.28739264607429507,"y":0.48557424545288088,"z":-0.1728612333536148,"w":0.8073131442070007},"size":4.041658401489258,"orthographic":false}