{"cameraMode":{"drawMode":0,"name":"Shaded","section":"Shading Mode"},"sceneLighting":false,"audioPlay":false,"sceneViewState":{"showFog":true,"showMaterialUpdate":false,"showSkybox":false,"showFlares":true,"showImageEffects":true,"showParticleSystems":true},"in2DMode":false,"pivot":{"x":-0.01905083656311035,"y":0.4600161910057068,"z":-0.4557170867919922},"rotation":{"x":0.2605160176753998,"y":0.055280882865190509,"z":-0.014943118207156659,"w":0.9637706875801086},"size":10.610608100891114,"orthographic":false}