{"cameraMode":{"drawMode":0,"name":"Shaded","section":"Shading Mode"},"sceneLighting":false,"audioPlay":false,"sceneViewState":{"showFog":true,"showMaterialUpdate":false,"showSkybox":false,"showFlares":true,"showImageEffects":true,"showParticleSystems":true},"in2DMode":false,"pivot":{"x":-5.087173938751221,"y":1.4095065593719483,"z":21.35365867614746},"rotation":{"x":0.026317011564970018,"y":0.9676929712295532,"z":-0.2233247607946396,"w":0.11403483897447586},"size":4.663556098937988,"orthographic":false}