{"cameraMode":{"drawMode":0,"name":"Shaded","section":"Shading Mode"},"sceneLighting":false,"audioPlay":false,"sceneViewState":{"showFog":true,"showMaterialUpdate":false,"showSkybox":false,"showFlares":true,"showImageEffects":true,"showParticleSystems":true},"in2DMode":false,"pivot":{"x":0.022050410509109498,"y":0.9160064458847046,"z":-2.6383628845214845},"rotation":{"x":0.00010908835974987596,"y":-0.999678373336792,"z":0.026395205408334733,"w":0.0038451035507023336},"size":5.356680393218994,"orthographic":false}